{
  "item.hoe.till": {
    "category": "hostile",
    "replace": "true",
    "sounds": [
      "step/gravel1",
      "step/gravel2",
      "step/gravel3",
      "step/gravel4"
    ]
  },
  "item.shovel.flatten": {
    "category": "hostile",
    "replace": "true",
    "sounds": [
      "step/grass1",
      "step/grass2",
      "step/grass3",
      "step/grass4",
      "step/grass5",
      "step/grass6"
    ]
  },
  "block.bell.use": {
    "category": "hostile",
    "replace": "true",
    "sounds": [
      "33-4"
    ]
  },
  "item.crossbow.shoot": {
    "category": "hostile",
    "replace": "true",
    "sounds": [
      "tnok"
    ]
  },
  "item.crossbow.loading_end": {
    "category": "hostile",
    "replace": "true",
    "sounds": [
      "db"
    ]
  },
  "entity.splash_potion.break": {
    "category": "hostile",
    "replace": "true",
    "sounds": [
      "pod"
    ]
  },
  "block.anvil.use": {
    "category": "hostile",
    "replace": "true",
    "sounds": [
      "kbtit"
    ]
  },
  "block.anvil.destroy": {
    "category": "hostile",
    "replace": "true",
    "sounds": [
      "kbtit"
    ]
  },
  "block.wooden_door.close": {
    "category": "hostile",
    "replace": "true",
    "sounds": [
      "block/wooden_door/close",
      "block/wooden_door/open"
    ]
  },
  "block.wooden_door.open": {
    "category": "hostile",
    "replace": "true",
    "sounds": [
      "block/wooden_door/close",
      "block/wooden_door/open"
    ]
  },
  "block.iron_door.close": {
    "category": "hostile",
    "replace": "true",
    "sounds": [
      "block/wooden_door/close",
      "block/wooden_door/open"
    ]
  },
  "block.iron_door.open": {
    "category": "hostile",
    "replace": "true",
    "sounds": [
      "block/wooden_door/close",
      "block/wooden_door/open"
    ]
  },
  "block.wooden_trapdoor.close": {
    "category": "hostile",
    "replace": "true",
    "sounds": [
      "block/wooden_door/close",
      "block/wooden_door/open"
    ]
  },
  "block.wooden_trapdoor.open": {
    "category": "hostile",
    "replace": "true",
    "sounds": [
      "block/wooden_door/close",
      "block/wooden_door/open"
    ]
  },
  "block.iron_trapdoor.close": {
    "category": "hostile",
    "replace": "true",
    "sounds": [
      "block/wooden_door/close",
      "block/wooden_door/open"
    ]
  },
  "block.iron_trapdoor.open": {
    "category": "hostile",
    "replace": "true",
    "sounds": [
      "block/wooden_door/close",
      "block/wooden_door/open"
    ]
  },
  "block.fence_gate.close": {
    "category": "hostile",
    "replace": "true",
    "sounds": [
      "block/wooden_door/close",
      "block/wooden_door/open"
    ]
  },
  "block.fence_gate.open": {
    "category": "hostile",
    "replace": "true",
    "sounds": [
      "block/wooden_door/close",
      "block/wooden_door/open"
    ]
  },
  "block.wooden_pressure_plate.click_off": {
    "category": "hostile",
    "replace": "true",
    "sounds": [
      {
        "name": "random/click",
        "pitch": 0.5
      }
    ]
  },
  "block.wooden_pressure_plate.click_on": {
    "category": "hostile",
    "replace": "true",
    "sounds": [
      {
        "name": "random/click",
        "pitch": 0.75
      }
    ]
  },
  "block.anvil.place": {
    "category": "hostile",
    "replace": "true",
    "sounds": [
      {
        "name": "kbtit",
        "pitch": 1.25
      }
    ]
  },
  "block.anvil.land": {
    "category": "hostile",
    "replace": "true",
    "sounds": [
      "kbtit"
    ]
  },
  "block.wooden_button.click_on": {
    "category": "hostile",
    "replace": "true",
    "sounds": [
      "random/click"
    ]
  },
  "block.wooden_button.click_off": {
    "category": "hostile",
    "replace": "true",
    "sounds": [
      "random/click"
    ]
  },
  "entity.player.hurt_sweet_berry_bush": {
    "category": "hostile",
    "replace": "true",
    "sounds": [
      "damage/hit1",
      "damage/hit2",
      "damage/hit3"
    ]
  },
  "entity.player.hurt_drown": {
    "category": "hostile",
    "replace": "true",
    "sounds": [
      "damage/hit1",
      "damage/hit2",
      "damage/hit3"
    ]
  },
  "entity.player.hurt_on_fire": {
    "category": "hostile",
    "replace": "true",
    "sounds": [
      "damage/hit1",
      "damage/hit2",
      "damage/hit3"
    ]
  },
  "block.chest.locked": {
    "category": "hostile",
    "replace": "true",
    "sounds": [
      "vs"
    ]
  },
  "entity.arrow.hit": {
    "category": "hostile",
    "replace": "true",
    "sounds": [
      {
        "name": "bee",
        "pitch": 0.8
      }
    ]
  },
  "item.trident.hit": {
    "category": "hostile",
    "replace": "true",
    "sounds": [
      "virtual"
    ]
  },
  "item.crossbow.hit": {
    "category": "hostile",
    "replace": "true",
    "sounds": [
      {
        "name": "bee",
        "pitch": 0.8
      }
    ]
  },
  "item.shield.block": {
    "category": "hostile",
    "replace": "true",
    "sounds": [
      "car"
    ]
  },
  "item.shield.break": {
    "category": "hostile",
    "replace": "true",
    "sounds": [
      "car"
    ]
  },
  "entity.zombie.infect": {
    "category": "hostile",
    "replace": "true",
    "sounds": [
      "item/totem/use_totem"
    ]
  },
  "entity.generic.hurt": {
    "category": "hostile",
    "replace": "true",
    "sounds": [
      "hurt"
    ]
  },
  "entity.generic.death": {
    "category": "hostile",
    "replace": "true",
    "sounds": [
      "hurt"
    ]
  },
  "item.axe.strip": {
    "category": "hostile",
    "replace": "true",
    "sounds": [
      {
        "name": "mob/ghast/fireball4",
        "pitch": 1.0
      },
      {
        "name": "mob/ghast/fireball4",
        "pitch": 1.2
      },
      {
        "name": "mob/ghast/fireball4",
        "pitch": 1.4
      },
      {
        "name": "mob/ghast/fireball4",
        "pitch": 1.6
      },
      {
        "name": "mob/ghast/fireball4",
        "pitch": 1.8
      },
      {
        "name": "mob/ghast/fireball4",
        "pitch": 1.0
      },
      {
        "name": "mob/ghast/fireball4",
        "pitch": 1.1
      },
      {
        "name": "mob/ghast/fireball4",
        "pitch": 1.3
      },
      {
        "name": "mob/ghast/fireball4",
        "pitch": 1.5
      },
      {
        "name": "mob/ghast/fireball4",
        "pitch": 1.7
      }
    ]
  }
}