{
  "variants": {
    "facing=down,open=false": [
      {
        "x": 180,
        "model": "minecraft:block/barrel"
      },
      {
        "x": 180,
        "y": 90,
        "model": "minecraft:block/barrel"
      },
      {
        "x": 180,
        "y": 180,
        "model": "minecraft:block/barrel"
      },
      {
        "x": 180,
        "y": 270,
        "model": "minecraft:block/barrel"
      }
    ],
    "facing=down,open=true": [
      {
        "x": 180,
        "model": "minecraft:block/barrel_open"
      },
      {
        "x": 180,
        "model": "minecraft:block/barrel_empty"
      },
      {
        "x": 180,
        "model": "minecraft:block/barrel_fish"
      }
    ],
    "facing=east,open=false": {
      "x": 90,
      "y": 90,
      "model": "minecraft:block/barrel"
    },
    "facing=east,open=true": [
      {
        "x": 90,
        "y": 90,
        "model": "minecraft:block/barrel_open"
      },
      {
        "x": 90,
        "y": 90,
        "model": "minecraft:block/barrel_empty"
      },
      {
        "x": 90,
        "y": 90,
        "model": "minecraft:block/barrel_fish"
      }
    ],
    "facing=north,open=false": {
      "x": 90,
      "model": "minecraft:block/barrel"
    },
    "facing=north,open=true": [
      {
        "x": 90,
        "model": "minecraft:block/barrel_open"
      },
      {
        "x": 90,
        "model": "minecraft:block/barrel_empty"
      },
      {
        "x": 90,
        "model": "minecraft:block/barrel_fish"
      }
    ],
    "facing=south,open=false": {
      "x": 90,
      "y": 180,
      "model": "minecraft:block/barrel"
    },
    "facing=south,open=true": [
      {
        "x": 90,
        "y": 180,
        "model": "minecraft:block/barrel_open"
      },
      {
        "x": 90,
        "y": 180,
        "model": "minecraft:block/barrel_empty"
      },
      {
        "x": 90,
        "y": 180,
        "model": "minecraft:block/barrel_fish"
      }
    ],
    "facing=up,open=false": [
      {
        "model": "minecraft:block/barrel"
      },
      {
        "y": 90,
        "model": "minecraft:block/barrel"
      },
      {
        "y": 180,
        "model": "minecraft:block/barrel"
      },
      {
        "y": 270,
        "model": "minecraft:block/barrel"
      }
    ],
    "facing=up,open=true": [
      {
        "model": "minecraft:block/barrel_open"
      },
      {
        "model": "minecraft:block/barrel_empty"
      },
      {
        "model": "minecraft:block/barrel_fish"
      }
    ],
    "facing=west,open=false": {
      "x": 90,
      "y": 270,
      "model": "minecraft:block/barrel"
    },
    "facing=west,open=true": [
      {
        "x": 90,
        "y": 270,
        "model": "minecraft:block/barrel_open"
      },
      {
        "x": 90,
        "y": 270,
        "model": "minecraft:block/barrel_empty"
      },
      {
        "x": 90,
        "y": 270,
        "model": "minecraft:block/barrel_fish"
      }
    ]
  }
}