{
  "variants": {
    "facing=down": [
      {
        "model": "minecraft:block/dropper_vertical",
        "x": 180
      },
      {
        "model": "minecraft:block/dropper_vertical",
        "x": 180,
        "y": 90
      },
      {
        "model": "minecraft:block/dropper_vertical",
        "x": 180,
        "y": 180
      },
      {
        "model": "minecraft:block/dropper_vertical",
        "x": 180,
        "y": 270 
      }
    ],
    "facing=east": {
      "model": "minecraft:block/dropper",
      "y": 90
    },
    "facing=north": {
      "model": "minecraft:block/dropper"
    },
    "facing=south": {
      "model": "minecraft:block/dropper",
      "y": 180
    },
    "facing=up": [
      {
        "model": "minecraft:block/dropper_vertical"
      },
      {
        "model": "minecraft:block/dropper_vertical",
        "y": 90
      },
      {
        "model": "minecraft:block/dropper_vertical",
        "y": 180
      },
      {
        "model": "minecraft:block/dropper_vertical",
        "y": 270
      }
    ],
    "facing=west": {
      "model": "minecraft:block/dropper",
      "y": 270
    }
  }
}