{
  "gui_light": "side",
  "display": {
    "gui": {
      "rotation": [ 30, 315, 270 ],
      "translation": [ 0, 0, 0 ],
      "scale": [ 0.625, 0.625, 0.625 ]
    },
    "head": {
      "rotation": [ 270, 90, 0 ],
      "translation": [ 0, 0, 0 ],
      "scale": [ 1.0, 1.0, 1.0 ]
    },
    "ground": {
      "rotation": [ 270, 90, 0 ],
      "translation": [ 0, 3, 0 ],
      "scale": [ 0.25, 0.25, 0.25 ]
    },
    "fixed": {
      "rotation": [ 270, 90, 0 ],
      "translation": [ 0, 0, 0 ],
      "scale": [ 0.5, 0.5, 0.5 ]
    },
    "thirdperson_righthand": {
      "rotation": [ 75, 315, 90 ],
      "translation": [ 0, 2.5, 2 ],
      "scale": [ 0.375, 0.375, 0.375 ]
    },
    "thirdperson_lefthand": {
      "rotation": [ 75, 135, 270 ],
      "translation": [ 0, 2.5, 2 ],
      "scale": [ 0.375, 0.375, 0.375 ]
    },
    "firstperson_righthand": {
      "rotation": [ 0, 315, 90 ],
      "translation": [ 0, 0, 0 ],
      "scale": [ 0.40, 0.40, 0.40 ]
    },
    "firstperson_lefthand": {
      "rotation": [ 0, 135, 270 ],
      "translation": [ 0, 0, 0 ],
      "scale": [ 0.40, 0.40, 0.40 ]
    }
  },
  "textures": {
    "top": "minecraft:block/barrel_top",
    "bottom": "minecraft:block/barrel_bottom",
    "side": "minecraft:block/barrel_side",
    "particle": "minecraft:block/barrel_side"
  },
  "elements": [
        {   "from": [ 0, 0, 0 ],
            "to": [ 16, 16, 16 ],
            "faces": {
                "down":  { "texture": "#bottom", "cullface": "down" },
                "up":    { "texture": "#top", "cullface": "up" },
                "north": { "texture": "#side", "cullface": "north" },
                "south": { "texture": "#side", "cullface": "south" },
                "west":  { "texture": "#side", "cullface": "west" },
                "east":  { "texture": "#side", "cullface": "east" }
            }
        }
    ]
}
