{
  "textures": {
    "top": "minecraft:block/barrel_fish",
    "bottom": "minecraft:block/barrel_bottom",
    "side": "minecraft:block/barrel_side",
    "particle": "minecraft:block/barrel_side"
  },
  "elements": [
        {   "from": [ 0, 0, 0 ],
            "to": [ 16, 16, 16 ],
            "faces": {
                "down":  { "texture": "#bottom", "cullface": "down" },
                "up":    { "texture": "#top", "cullface": "up" },
                "north": { "texture": "#side", "cullface": "north" },
                "south": { "texture": "#side", "cullface": "south" },
                "west":  { "texture": "#side", "cullface": "west" },
                "east":  { "texture": "#side", "cullface": "east" }
            }
        }
    ]
}
