{  
  "gui_light": "front",
  "display": {
    "gui": {
      "rotation": [ 0, 180, 0 ],
      "translation": [ 0, 0, 0 ],
      "scale": [ 1.0, 1.0, 1.0 ]
    },
    "fixed": {
      "rotation": [ 0, 90, 0 ],
      "translation": [ 0, 0, 0 ],
      "scale": [ 0.5, 0.5, 0.5 ]
    },
    "head": {
      "rotation": [ 0, 90, 0 ],
      "translation": [ 0, 0, 0 ],
      "scale": [ 1.0, 1.0, 1.0 ]
    },
    "ground": {
      "rotation": [ 0, 90, 0 ],
      "translation": [ 0, 3, 0 ],
      "scale": [ 0.25, 0.25, 0.25 ]
    },
    "thirdperson_righthand": {
      "rotation": [ 75, 45, 0 ],
      "translation": [ 0, 2.5, 2 ],
      "scale": [ 0.375, 0.375, 0.375 ]
    },
    "thirdperson_lefthand": {
      "rotation": [ 75, 225, 0 ],
      "translation": [ 0, 2.5, 2 ],
      "scale": [ 0.375, 0.375, 0.375 ]
    },
    "firstperson_righthand": {
      "rotation": [ 0, 45, 0 ],
      "translation": [ 0, 0, 0 ],
      "scale": [ 0.40, 0.40, 0.40 ]
    },
    "firstperson_lefthand": {
      "rotation": [ 0, 225, 0 ],
      "translation": [ 0, 0, 0 ],
      "scale": [ 0.40, 0.40, 0.40 ]
    }
  },
    "textures": {
        "particle": "#texture"
    },
    "elements": [
        {   "from": [ 5, 6, 6 ],
            "to": [ 11, 10, 10 ],
            "faces": {
                "down":  { "uv": [ 5, 6, 11, 10 ], "texture": "#texture" },
                "up":    { "uv": [ 5, 10, 11, 6 ], "texture": "#texture" },
                "north": { "uv": [ 5, 12, 11, 16 ], "texture": "#texture" },
                "south": { "uv": [ 5, 12, 11, 16 ], "texture": "#texture" },
                "west":  { "uv": [ 6, 12, 10, 16 ], "texture": "#texture" },
                "east":  { "uv": [ 6, 12, 10, 16 ], "texture": "#texture" }
            }
        }
    ]
}
