{
  "gui_light": "front",
  "display": {
    "gui": {
      "rotation": [ 0, 0, 0 ],
      "translation": [ 0, -2, 0 ],
      "scale": [ 0.8, 0.8, 0.8 ]
    },
    "head": {
      "rotation": [ 0, 0, 0 ],
      "translation": [ 0, -3, -6 ],
      "scale": [ 1, 1, 1 ]
    },
    "ground": {
      "rotation": [ 0, 0, 0 ],
      "translation": [ 0, 3, 0 ],
      "scale": [ 0.3, 0.3, 0.3 ]
    },
    "fixed": {
      "rotation": [ 0, 0, 0 ],
      "translation": [ 0, 0, 0 ],
      "scale": [ 0.5, 0.5, 0.5 ]
    },
    "thirdperson_righthand": {
      "rotation": [ 75, 135, 0 ],
      "translation": [ 0, 2.5, 2 ],
      "scale": [ 0.375, 0.375, 0.375 ]
    },
    "thirdperson_lefthand": {
      "rotation": [ 75, 315, 0 ],
      "translation": [ 0, 2.5, 2 ],
      "scale": [ 0.375, 0.375, 0.375 ]
    },
    "firstperson_righthand": {
      "rotation": [ 0, 135, 0 ],
      "translation": [ 0, 0, 0 ],
      "scale": [ 0.40, 0.40, 0.40 ]
    },
    "firstperson_lefthand": {
      "rotation": [ 0, 315, 0 ],
      "translation": [ 0, 0, 0 ],
      "scale": [ 0.40, 0.40, 0.40 ]
    }
  },
    "textures": {
        "particle": "#texture"
    },
    "elements": [
        {   "__comment": "Left-hand post",
            "from": [ 0, 5, 7 ],
            "to": [ 2, 16, 9 ],
            "faces": {
                "down":  { "uv": [ 0, 7, 2,  9 ], "texture": "#texture" },
                "up":    { "uv": [ 0, 7, 2,  9 ], "texture": "#texture" },
                "north": { "uv": [ 0, 0, 2, 11 ], "texture": "#texture" },
                "south": { "uv": [ 0, 0, 2, 11 ], "texture": "#texture" },
                "west":  { "uv": [ 7, 0, 9, 11 ], "texture": "#texture", "cullface": "west" },
                "east":  { "uv": [ 7, 0, 9, 11 ], "texture": "#texture" }
            }
        },
        {   "__comment": "Right-hand post",
            "from": [ 14, 5, 7 ],
            "to": [ 16, 16, 9 ],
            "faces": {
                "down":  { "uv": [ 14, 7, 16,  9 ], "texture": "#texture" },
                "up":    { "uv": [ 14, 7, 16,  9 ], "texture": "#texture" },
                "north": { "uv": [ 14, 0, 16, 11 ], "texture": "#texture" },
                "south": { "uv": [ 14, 0, 16, 11 ], "texture": "#texture" },
                "west":  { "uv": [  7, 0,  9, 11 ], "texture": "#texture" },
                "east":  { "uv": [  7, 0,  9, 11 ], "texture": "#texture", "cullface": "east" }
            }
        },
        {   "__comment": "Senter",
            "from": [ 2, 6, 7 ],
            "to": [ 14, 15, 9 ],
            "faces": {
                "down":  { "uv": [ 2, 7, 14, 9 ], "texture": "#texture" },
                "up":    { "uv": [ 2, 7, 14, 9 ], "texture": "#texture" },
                "north": { "uv": [ 2, 1, 14, 10 ], "texture": "#texture" },
                "south": { "uv": [ 2, 1, 14, 10 ], "texture": "#texture" },
                "west":  { "uv": [ 7, 1, 9, 10 ], "texture": "#texture" },
                "east":  { "uv": [ 7, 1, 9, 10 ], "texture": "#texture" }
            }
        }
    ]
}