{
   "gui_light": "side",
  "display": {
    "head": {
      "rotation": [ 0, 90, 0 ],
      "translation": [ 0, 0, -7 ],
      "scale": [ 1.0, 1.0, 1.0 ]
    },
    "gui": {
      "rotation": [ 30, 315, 0 ],
      "translation": [ 0, 0, 0 ],
      "scale": [ 0.625, 0.625, 0.625 ]
    },
    "ground": {
      "rotation": [ 0, 0, 0 ],
      "translation": [ 0, 3, 0 ],
      "scale": [ 0.25, 0.25, 0.25 ]
    },
    "fixed": {
      "rotation": [ 0, 90, 0 ],
      "translation": [ 0, 0, 0 ],
      "scale": [ 0.5, 0.5, 0.5 ]
    },
    "thirdperson_righthand": {
      "rotation": [ 75, 45, 0 ],
      "translation": [ 0, 2.5, 2 ],
      "scale": [ 0.375, 0.375, 0.375 ]
    },
    "thirdperson_lefthand": {
      "rotation": [ 75, 225, 0 ],
      "translation": [ 0, 2.5, 2 ],
      "scale": [ 0.375, 0.375, 0.375 ]
    },
    "firstperson_righthand": {
      "rotation": [ 0, 45, 0 ],
      "translation": [ 0, 0, 0 ],
      "scale": [ 0.40, 0.40, 0.40 ]
    },
    "firstperson_lefthand": {
      "rotation": [ 0, 225, 0 ],
      "translation": [ 0, 0, 0 ],
      "scale": [ 0.40, 0.40, 0.40 ]
    }
  },
  "ambientocclusion": false,
    "elements": [
        {   "from": [ 7, 0, 0 ],
            "to": [ 9, 16, 16 ],
            "faces": {
                "down":  { "uv": [  7, 0,  9, 16 ], "texture": "#edge" },
                "up":    { "uv": [  7, 0,  9, 16 ], "texture": "#edge" },
                "north": { "uv": [  7, 0,  9, 16 ], "texture": "#edge" },
                "south": { "uv": [  7, 0,  9, 16 ], "texture": "#edge" },
                "west":  { "uv": [  0, 0, 16, 16 ], "texture": "#pane" },
                "east":  { "uv": [  0, 0, 16, 16 ], "texture": "#pane" }
            }
        }
    ]
}
