{
  "gui_light": "front",
  "display": {
    "head": {
      "rotation": [ 0, 0, 0 ],
      "translation": [ 0, 0, 0 ],
      "scale": [ 1.0, 1.0, 1.0 ]
    },
    "gui": {
      "rotation": [ 0, 0, 0 ],
      "translation": [ 0, 0, 0 ],
      "scale": [ 1.0, 1.0, 1.0 ]
    },
    "ground": {
      "rotation": [ 0, 0, 0 ],
      "translation": [ 0, 3, 0 ],
      "scale": [ 0.25, 0.25, 0.25 ]
    },
    "fixed": {
      "rotation": [ 0, 0, 0 ],
      "translation": [ 0, 0, 0 ],
      "scale": [ 0.5, 0.5, 0.5 ]
    },
    "thirdperson_righthand": {
      "rotation": [ 75, 45, 0 ],
      "translation": [ 0, 2.5, 2 ],
      "scale": [ 0.375, 0.375, 0.375 ]
    },
    "thirdperson_lefthand": {
      "rotation": [ 75, 225, 0 ],
      "translation": [ 0, 2.5, 2 ],
      "scale": [ 0.375, 0.375, 0.375 ]
    },
    "firstperson_righthand": {
      "rotation": [ 0, 45, 0 ],
      "translation": [ 0, 0, 0 ],
      "scale": [ 0.40, 0.40, 0.40 ]
    },
    "firstperson_lefthand": {
      "rotation": [ 0, 225, 0 ],
      "translation": [ 0, 0, 0 ],
      "scale": [ 0.40, 0.40, 0.40 ]
    }
  },
    "textures": {
        "particle": "particle/stonecutter",
        "bottom": "block/stonecutter_bottom",
        "top": "block/stonecutter_top",
        "side": "block/stonecutter_side",
        "saw": "block/stonecutter_saw"
    },
    "elements": [
        {   "from": [ 0, 0, 0 ],
            "to": [ 16, 9, 16 ],
            "faces": {
                "down":  { "uv": [ 0, 0, 16, 16 ], "texture": "#bottom", "cullface": "down" },
                "up":    { "uv": [ 0, 0, 16, 16 ], "texture": "#top" },
                "north": { "uv": [ 0, 7, 16, 16 ], "texture": "#side", "cullface": "north" },
                "south": { "uv": [ 0, 7, 16, 16 ], "texture": "#side", "cullface": "south" },
                "west":  { "uv": [ 0, 7, 16, 16 ], "texture": "#side", "cullface": "west" },
                "east":  { "uv": [ 0, 7, 16, 16 ], "texture": "#side", "cullface": "east" }
            }
        },
        {   "from": [ 1, 9, 8 ],
            "to": [ 15, 16, 8 ],
            "faces": {
                "north": { "uv": [ 1, 9, 15, 16 ], "texture": "#saw", "tintindex": 0 },
                "south": { "uv": [ 1, 9, 15, 16 ], "texture": "#saw", "tintindex": 0 }
            }
        }
    ]
}
