{
    "parent": "block/block",
    "textures": {
        "particle": "particle/sea_pickle",
        "all": "block/sea_pickle"
    },
    "elements": [
        {   "from": [ 3, 0, 3 ],
            "to": [ 7, 6, 7 ],
            "faces": {
                "down":  { "uv": [  8, 1,  12, 5 ], "texture": "#all", "cullface": "down" },
                "up":    { "uv": [  4, 1,  8, 5 ], "texture": "#all" },
                "north": { "uv": [ 4, 5, 8, 11 ], "texture": "#all" },
                "south": { "uv": [ 0, 5, 4, 11 ], "texture": "#all" },
                "west":  { "uv": [ 8, 5, 12, 11 ], "texture": "#all" },
                "east":  { "uv": [ 12, 5, 16, 11 ], "texture": "#all" }
            }
        },
        {
            "from": [ 3, 5.95, 3 ],
            "to": [ 7, 5.95, 7 ],
            "faces": {
                "up": {"uv": [  8, 1,  12, 5 ], "texture": "#all"}
            }
        },
        {
            "from": [ 8, 0, 8 ],
            "to": [ 12, 4, 12 ],
            "faces": {
                "down":  { "uv": [  8, 1,  12, 5 ], "texture": "#all", "cullface": "down" },
                "up":    { "uv": [  4, 1,  8, 5 ], "texture": "#all" },
                "north": { "uv": [ 4, 5, 8, 9 ], "texture": "#all" },
                "south": { "uv": [ 0, 5, 4, 9 ], "texture": "#all" },
                "west":  { "uv": [ 8, 5, 12, 9 ], "texture": "#all" },
                "east":  { "uv": [ 12, 5, 16, 9 ], "texture": "#all" }
            }
        },
        {
            "from": [ 8, 3.95, 8 ],
            "to": [ 12, 3.95, 12 ],
            "faces": {
                "up": {"uv": [  8, 1,  12, 5 ], "texture": "#all"}
            }
        }
    ]
}
