{
  "gui_light": "front",
  "display": {
    "gui": {
      "rotation": [ 0, 90, 0 ],
      "translation": [ 0, 0, 0 ],
      "scale": [ 0.625, 0.625, 0.625 ]
    },
    "fixed": {
      "rotation": [ 0, 90, 0 ],
      "translation": [ 0, 0, 0 ],
      "scale": [ 0.5, 0.5, 0.5 ]
    },
    "head": {
      "rotation": [ 0, 90, 0 ],
      "translation": [ 0, 0, 0 ],
      "scale": [ 1.0, 1.0, 1.0 ]
    },
    "ground": {
      "rotation": [ 0, 90, 0 ],
      "translation": [ 0, 3, 0 ],
      "scale": [ 0.25, 0.25, 0.25 ]
    },
    "thirdperson_righthand": {
      "rotation": [ 75, 45, 0 ],
      "translation": [ 0, 2.5, 2 ],
      "scale": [ 0.375, 0.375, 0.375 ]
    },
    "thirdperson_lefthand": {
      "rotation": [ 75, 225, 0 ],
      "translation": [ 0, 2.5, 2 ],
      "scale": [ 0.375, 0.375, 0.375 ]
    },
    "firstperson_righthand": {
      "rotation": [ 0, 45, 0 ],
      "translation": [ 0, 0, 0 ],
      "scale": [ 0.40, 0.40, 0.40 ]
    },
    "firstperson_lefthand": {
      "rotation": [ 0, 225, 0 ],
      "translation": [ 0, 0, 0 ],
      "scale": [ 0.40, 0.40, 0.40 ]
    }
  },
  "ambientocclusion": false,
  "textures": {
    "particle": "#wall"
  },
  "elements": [
    {
      "from": [ 4, 0, -4 ],
      "to": [ 12, 16, 4 ],
      "faces": {
        "down": {
          "uv": [ 4, 4, 12, 12 ],
          "texture": "#wall",
          "cullface": "down"
        },
        "up": {
          "uv": [ 4, 4, 12, 12 ],
          "texture": "#wall"
        },
        "north": {
          "uv": [ 4, 0, 12, 16 ],
          "texture": "#wall"
        },
        "south": {
          "uv": [ 4, 0, 12, 16 ],
          "texture": "#wall"
        },
        "west": {
          "uv": [ 4, 0, 12, 16 ],
          "texture": "#wall"
        },
        "east": {
          "uv": [ 4, 0, 12, 16 ],
          "texture": "#wall"
        }
      },
      "__comment": "Left post"
    },
    {
      "from": [ 4, 0, 12 ],
      "to": [ 12, 16, 20 ],
      "faces": {
        "down": {
          "uv": [ 4, 4, 12, 12 ],
          "texture": "#wall",
          "cullface": "down"
        },
        "up": {
          "uv": [ 4, 4, 12, 12 ],
          "texture": "#wall"
        },
        "north": {
          "uv": [ 4, 0, 12, 16 ],
          "texture": "#wall"
        },
        "south": {
          "uv": [ 4, 0, 12, 16 ],
          "texture": "#wall"
        },
        "west": {
          "uv": [ 4, 0, 12, 16 ],
          "texture": "#wall"
        },
        "east": {
          "uv": [ 4, 0, 12, 16 ],
          "texture": "#wall"
        }
      },
      "__comment": "Right post"
    },
    {
      "from": [ 5, 0, 3 ],
      "to": [ 11, 13, 13 ],
      "faces": {
        "down": {
          "uv": [ 5, 3, 11, 13 ],
          "texture": "#wall",
          "cullface": "down"
        },
        "up": {
          "uv": [ 5, 3, 11, 13 ],
          "texture": "#wall"
        },
        "north": {
          "uv": [ 5, 3, 11, 13 ],
          "texture": "#wall",
          "cullface": "north"
        },
        "south": {
          "uv": [ 5, 3, 11, 13 ],
          "texture": "#wall",
          "cullface": "south"
        },
        "west": {
          "uv": [ 3, 3, 12, 13 ],
          "texture": "#wall"
        },
        "east": {
          "uv": [ 3, 3, 12, 13 ],
          "texture": "#wall"
        }
      },
      "__comment": "Full wall"
    }
  ]
}
